Image,Freq
HPAP-003_Imaging mass cytometry_Body of pancreas_FFPE-Stain Panel 1_ROI4.ome.tiff - Image0,7361
HPAP-003_Imaging mass cytometry_Body of pancreas_FFPE-Stain Panel 1_ROI5.ome.tiff - Image0,7995
HPAP-003_Imaging mass cytometry_Body of pancreas_FFPE-Stain Panel 1_ROI6.ome.tiff - Image0,7555
HPAP-003_Imaging mass cytometry_Head of pancreas_FFPE-Stain Panel 1_ROI1.ome.tiff - Image0,7569
HPAP-003_Imaging mass cytometry_Head of pancreas_FFPE-Stain Panel 1_ROI2.ome.tiff - Image0,7536
HPAP-003_Imaging mass cytometry_Head of pancreas_FFPE-Stain Panel 1_ROI4.ome.tiff - Image0,8161
HPAP-004_Imaging mass cytometry_Body of pancreas_FFPE-Stain Panel 1_ROI1.ome.tiff - Image0,9515
HPAP-004_Imaging mass cytometry_Body of pancreas_FFPE-Stain Panel 1_ROI3.ome.tiff - Image0,8680
HPAP-004_Imaging mass cytometry_Body of pancreas_FFPE-Stain Panel 1_ROI4.ome.tiff - Image0,9884
HPAP-004_Imaging mass cytometry_Head of pancreas_FFPE-Stain Panel 1_ROI1.ome.tiff - Image0,11548
HPAP-004_Imaging mass cytometry_Head of pancreas_FFPE-Stain Panel 1_ROI2.ome.tiff - Image0,8588
HPAP-004_Imaging mass cytometry_Head of pancreas_FFPE-Stain Panel 1_ROI3.ome.tiff - Image0,9418
HPAP-004_Imaging mass cytometry_Tail of pancreas_FFPE-Stain Panel 1_ROI1.ome.tiff - Image0,8447
HPAP-004_Imaging mass cytometry_Tail of pancreas_FFPE-Stain Panel 1_ROI2.ome.tiff - Image0,10888
HPAP-004_Imaging mass cytometry_Tail of pancreas_FFPE-Stain Panel 1_ROI3.ome.tiff - Image0,10700
HPAP-008_Imaging mass cytometry_Body of pancreas_FFPE-Stain Panel 1_ROI1.ome.tiff - Image0,9767
HPAP-008_Imaging mass cytometry_Body of pancreas_FFPE-Stain Panel 1_ROI2.ome.tiff - Image0,8769
HPAP-008_Imaging mass cytometry_Body of pancreas_FFPE-Stain Panel 1_ROI3.ome.tiff - Image0,10282
HPAP-008_Imaging mass cytometry_Head of pancreas_FFPE-Stain Panel 1_ROI1.ome.tiff - Image0,8523
HPAP-008_Imaging mass cytometry_Head of pancreas_FFPE-Stain Panel 1_ROI2.ome.tiff - Image0,7836
HPAP-008_Imaging mass cytometry_Head of pancreas_FFPE-Stain Panel 1_ROI3.ome.tiff - Image0,9230
HPAP-017_Imaging mass cytometry_Body of pancreas_FFPE-Stain Panel 1_ROI1.ome.tiff - Image0,9845
HPAP-017_Imaging mass cytometry_Body of pancreas_FFPE-Stain Panel 1_ROI2.ome.tiff - Image0,8522
HPAP-017_Imaging mass cytometry_Body of pancreas_FFPE-Stain Panel 1_ROI4.ome.tiff - Image0,10837
HPAP-018_Imaging mass cytometry_Body of pancreas_FFPE-Stain Panel 1_ROI1.ome.tiff - Image0,10660
HPAP-018_Imaging mass cytometry_Body of pancreas_FFPE-Stain Panel 1_ROI2.ome.tiff - Image0,9012
HPAP-018_Imaging mass cytometry_Body of pancreas_FFPE-Stain Panel 1_ROI3.ome.tiff - Image0,8937
HPAP-018_Imaging mass cytometry_Head of pancreas_FFPE-Stain Panel 1_ROI1.ome.tiff - Image0,8314
HPAP-018_Imaging mass cytometry_Head of pancreas_FFPE-Stain Panel 1_ROI2.ome.tiff - Image0,9610
HPAP-018_Imaging mass cytometry_Tail of pancreas_FFPE-Stain Panel 1_ROI4.ome.tiff - Image0,10095
HPAP-018_Imaging mass cytometry_Tail of pancreas_FFPE-Stain Panel 1_ROI5.ome.tiff - Image0,8099
HPAP-019_Imaging mass cytometry_Body of pancreas_FFPE-Stain Panel 1_ROI1.ome.tiff - Image0,8503
HPAP-019_Imaging mass cytometry_Body of pancreas_FFPE-Stain Panel 1_ROI2.ome.tiff - Image0,9528
HPAP-019_Imaging mass cytometry_Body of pancreas_FFPE-Stain Panel 1_ROI3.ome.tiff - Image0,8227
HPAP-019_Imaging mass cytometry_Head of pancreas_FFPE-Stain Panel 1_ROI1.ome.tiff - Image0,9367
HPAP-019_Imaging mass cytometry_Head of pancreas_FFPE-Stain Panel 1_ROI2.ome.tiff - Image0,8994
HPAP-019_Imaging mass cytometry_Head of pancreas_FFPE-Stain Panel 1_ROI3.ome.tiff - Image0,9617
HPAP-019_Imaging mass cytometry_Tail of pancreas_FFPE-Stain Panel 1_ROI1.ome.tiff - Image0,8589
HPAP-019_Imaging mass cytometry_Tail of pancreas_FFPE-Stain Panel 1_ROI2.ome.tiff - Image0,8744
HPAP-019_Imaging mass cytometry_Tail of pancreas_FFPE-Stain Panel 1_ROI3.ome.tiff - Image0,9331
HPAP-027_Imaging mass cytometry_Body of pancreas_FFPE-Stain Panel 1_ROI1.ome.tiff - Image0,9138
HPAP-027_Imaging mass cytometry_Body of pancreas_FFPE-Stain Panel 1_ROI2.ome.tiff - Image0,10678
HPAP-027_Imaging mass cytometry_Body of pancreas_FFPE-Stain Panel 1_ROI3.ome.tiff - Image0,9861
HPAP-027_Imaging mass cytometry_Head of pancreas_FFPE-Stain Panel 1_ROI1.ome.tiff - Image0,10172
HPAP-027_Imaging mass cytometry_Head of pancreas_FFPE-Stain Panel 1_ROI2.ome.tiff - Image0,9756
HPAP-027_Imaging mass cytometry_Head of pancreas_FFPE-Stain Panel 1_ROI3.ome.tiff - Image0,9768
HPAP-053_Imaging mass cytometry_Body of pancreas_FFPE-Stain Panel 1_ROI1.ome.tiff - Image0,9739
HPAP-053_Imaging mass cytometry_Body of pancreas_FFPE-Stain Panel 1_ROI2.ome.tiff - Image0,9634
HPAP-053_Imaging mass cytometry_Body of pancreas_FFPE-Stain Panel 1_ROI3.ome.tiff - Image0,9858
HPAP-053_Imaging mass cytometry_Head of pancreas_FFPE-Stain Panel 1_ROI1.ome.tiff - Image0,10624
HPAP-053_Imaging mass cytometry_Head of pancreas_FFPE-Stain Panel 1_ROI2.ome.tiff - Image0,12734
HPAP-053_Imaging mass cytometry_Head of pancreas_FFPE-Stain Panel 1_ROI3.ome.tiff - Image0,7879
HPAP-053_Imaging mass cytometry_Tail of pancreas_FFPE-Stain Panel 1_ROI1.ome.tiff - Image0,9944
HPAP-053_Imaging mass cytometry_Tail of pancreas_FFPE-Stain Panel 1_ROI2.ome.tiff - Image0,10327
HPAP-053_Imaging mass cytometry_Tail of pancreas_FFPE-Stain Panel 1_ROI3.ome.tiff - Image0,9537
HPAP-054_Imaging mass cytometry_Body of pancreas_FFPE-Stain Panel 1_ROI1.ome.tiff - Image0,8414
HPAP-054_Imaging mass cytometry_Body of pancreas_FFPE-Stain Panel 1_ROI2.ome.tiff - Image0,12263
HPAP-054_Imaging mass cytometry_Body of pancreas_FFPE-Stain Panel 1_ROI3.ome.tiff - Image0,9593
HPAP-054_Imaging mass cytometry_Head of pancreas_FFPE-Stain Panel 1_ROI1.ome.tiff - Image0,9221
HPAP-054_Imaging mass cytometry_Head of pancreas_FFPE-Stain Panel 1_ROI2.ome.tiff - Image0,10018
HPAP-054_Imaging mass cytometry_Head of pancreas_FFPE-Stain Panel 1_ROI3.ome.tiff - Image0,9773
HPAP-054_Imaging mass cytometry_Tail of pancreas_FFPE-Stain Panel 1_ROI1.ome.tiff - Image0,10493
HPAP-054_Imaging mass cytometry_Tail of pancreas_FFPE-Stain Panel 1_ROI2.ome.tiff - Image0,10467
HPAP-054_Imaging mass cytometry_Tail of pancreas_FFPE-Stain Panel 1_ROI3.ome.tiff - Image0,10580
HPAP-066_Imaging mass cytometry_Head of pancreas_FFPE-Stain Panel 1_ROI3.ome.tiff - Image0,7360
HPAP-066_Imaging mass cytometry_Head of pancreas_FFPE-Stain Panel 1_ROI4.ome.tiff - Image0,9362
HPAP-066_Imaging mass cytometry_Head of pancreas_FFPE-Stain Panel 1_ROI5.ome.tiff - Image0,9313
HPAP-066_Imaging mass cytometry_Tail of pancreas_FFPE-Stain Panel 1_ROI2.ome.tiff - Image0,8731
HPAP-066_Imaging mass cytometry_Tail of pancreas_FFPE-Stain Panel 1_ROI3.ome.tiff - Image0,7597
HPAP-066_Imaging mass cytometry_Tail of pancreas_FFPE-Stain Panel 1_ROI5.ome.tiff - Image0,8106
HPAP-067_Imaging mass cytometry_Body of pancreas_FFPE-Stain Panel 1_ROI1.ome.tiff - Image0,8197
HPAP-067_Imaging mass cytometry_Body of pancreas_FFPE-Stain Panel 1_ROI2.ome.tiff - Image0,7510
HPAP-067_Imaging mass cytometry_Body of pancreas_FFPE-Stain Panel 1_ROI3.ome.tiff - Image0,7853
HPAP-067_Imaging mass cytometry_Head of pancreas_FFPE-Stain Panel 1_ROI1.ome.tiff - Image0,7622
HPAP-067_Imaging mass cytometry_Head of pancreas_FFPE-Stain Panel 1_ROI2.ome.tiff - Image0,8240
HPAP-067_Imaging mass cytometry_Head of pancreas_FFPE-Stain Panel 1_ROI3.ome.tiff - Image0,8424
HPAP-067_Imaging mass cytometry_Tail of pancreas_FFPE-Stain Panel 1_ROI1.ome.tiff - Image0,8126
HPAP-067_Imaging mass cytometry_Tail of pancreas_FFPE-Stain Panel 1_ROI2.ome.tiff - Image0,8508
HPAP-067_Imaging mass cytometry_Tail of pancreas_FFPE-Stain Panel 1_ROI3.ome.tiff - Image0,8213
HPAP-069_Imaging mass cytometry_Body of pancreas_FFPE-Stain Panel 1_ROI1.ome.tiff - Image0,8916
HPAP-069_Imaging mass cytometry_Body of pancreas_FFPE-Stain Panel 1_ROI3.ome.tiff - Image0,7874
HPAP-069_Imaging mass cytometry_Body of pancreas_FFPE-Stain Panel 1_ROI4.ome.tiff - Image0,8847
HPAP-069_Imaging mass cytometry_Head of pancreas_FFPE-Stain Panel 1_ROI1.ome.tiff - Image0,8199
HPAP-069_Imaging mass cytometry_Head of pancreas_FFPE-Stain Panel 1_ROI2.ome.tiff - Image0,7897
HPAP-069_Imaging mass cytometry_Head of pancreas_FFPE-Stain Panel 1_ROI5.ome.tiff - Image0,8522
HPAP-069_Imaging mass cytometry_Tail of pancreas_FFPE-Stain Panel 1_ROI1.ome.tiff - Image0,6296
HPAP-069_Imaging mass cytometry_Tail of pancreas_FFPE-Stain Panel 1_ROI2.ome.tiff - Image0,6183
HPAP-074_Imaging mass cytometry_Body of pancreas_FFPE-Stain Panel 1_ROI1.ome.tiff - Image0,8632
HPAP-074_Imaging mass cytometry_Body of pancreas_FFPE-Stain Panel 1_ROI2.ome.tiff - Image0,6412
HPAP-074_Imaging mass cytometry_Body of pancreas_FFPE-Stain Panel 1_ROI3.ome.tiff - Image0,5811
HPAP-074_Imaging mass cytometry_Head of pancreas_FFPE-Stain Panel 1_ROI3.ome.tiff - Image0,6180
HPAP-074_Imaging mass cytometry_Head of pancreas_FFPE-Stain Panel 1_ROI4.ome.tiff - Image0,5441
HPAP-074_Imaging mass cytometry_Head of pancreas_FFPE-Stain Panel 1_ROI5.ome.tiff - Image0,5437
HPAP-075_Imaging mass cytometry_Body of pancreas_FFPE-Stain Panel 1_ROI1.ome.tiff - Image0,7751
HPAP-075_Imaging mass cytometry_Body of pancreas_FFPE-Stain Panel 1_ROI3.ome.tiff - Image0,7243
HPAP-075_Imaging mass cytometry_Body of pancreas_FFPE-Stain Panel 1_ROI4.ome.tiff - Image0,7750
HPAP-075_Imaging mass cytometry_Head of pancreas_FFPE-Stain Panel 1_ROI1.ome.tiff - Image0,8548
HPAP-075_Imaging mass cytometry_Head of pancreas_FFPE-Stain Panel 1_ROI2.ome.tiff - Image0,8179
HPAP-075_Imaging mass cytometry_Head of pancreas_FFPE-Stain Panel 1_ROI3.ome.tiff - Image0,8642
HPAP-075_Imaging mass cytometry_Tail of pancreas_FFPE-Stain Panel 1_ROI1.ome.tiff - Image0,8300
HPAP-075_Imaging mass cytometry_Tail of pancreas_FFPE-Stain Panel 1_ROI2.ome.tiff - Image0,16548
HPAP-075_Imaging mass cytometry_Tail of pancreas_FFPE-Stain Panel 1_ROI6.ome.tiff - Image0,14519
HPAP-080_Imaging mass cytometry_Head of pancreas_FFPE-Stain Panel 1_ROI1.ome.tiff - Image0,8562
HPAP-080_Imaging mass cytometry_Head of pancreas_FFPE-Stain Panel 1_ROI2.ome.tiff - Image0,8128
HPAP-080_Imaging mass cytometry_Head of pancreas_FFPE-Stain Panel 1_ROI3.ome.tiff - Image0,7763
HPAP-080_Imaging mass cytometry_Tail of pancreas_FFPE-Stain Panel 1_ROI1.ome.tiff - Image0,16626
HPAP-080_Imaging mass cytometry_Tail of pancreas_FFPE-Stain Panel 1_ROI2.ome.tiff - Image0,14774
HPAP-080_Imaging mass cytometry_Tail of pancreas_FFPE-Stain Panel 1_ROI3.ome.tiff - Image0,8424
HPAP-082_Imaging mass cytometry_Body of pancreas_FFPE-Stain Panel 1_ROI1.ome.tiff - Image0,7107
HPAP-082_Imaging mass cytometry_Body of pancreas_FFPE-Stain Panel 1_ROI4.ome.tiff - Image0,6931
HPAP-082_Imaging mass cytometry_Head of pancreas_FFPE-Stain Panel 1_ROI1.ome.tiff - Image0,7072
HPAP-082_Imaging mass cytometry_Head of pancreas_FFPE-Stain Panel 1_ROI2.ome.tiff - Image0,7131
HPAP-082_Imaging mass cytometry_Head of pancreas_FFPE-Stain Panel 1_ROI3.ome.tiff - Image0,6789
HPAP-082_Imaging mass cytometry_Tail of pancreas_FFPE-Stain Panel 1_ROI1.ome.tiff - Image0,7157
HPAP-082_Imaging mass cytometry_Tail of pancreas_FFPE-Stain Panel 1_ROI3.ome.tiff - Image0,6776
HPAP-082_Imaging mass cytometry_Tail of pancreas_FFPE-Stain Panel 1_ROI5.ome.tiff - Image0,6843
HPAP-093_Imaging mass cytometry_Body of pancreas_FFPE-Stain Panel 1_ROI2.ome.tiff - Image0,8859
HPAP-093_Imaging mass cytometry_Body of pancreas_FFPE-Stain Panel 1_ROI3.ome.tiff - Image0,10292
HPAP-093_Imaging mass cytometry_Body of pancreas_FFPE-Stain Panel 1_ROI6.ome.tiff - Image0,9285
HPAP-093_Imaging mass cytometry_Head of pancreas_FFPE-Stain Panel 1_ROI1.ome.tiff - Image0,9129
HPAP-093_Imaging mass cytometry_Head of pancreas_FFPE-Stain Panel 1_ROI3.ome.tiff - Image0,9239
HPAP-093_Imaging mass cytometry_Head of pancreas_FFPE-Stain Panel 1_ROI5.ome.tiff - Image0,8792
HPAP-093_Imaging mass cytometry_Tail of pancreas_FFPE-Stain Panel 1_ROI1.ome.tiff - Image0,9813
HPAP-093_Imaging mass cytometry_Tail of pancreas_FFPE-Stain Panel 1_ROI2.ome.tiff - Image0,8945
HPAP-093_Imaging mass cytometry_Tail of pancreas_FFPE-Stain Panel 1_ROI3.ome.tiff - Image0,9230
HPAP-095_Imaging mass cytometry_Body of pancreas_FFPE-Stain Panel 1_ROI1.ome.tiff - Image0,6445
HPAP-095_Imaging mass cytometry_Body of pancreas_FFPE-Stain Panel 1_ROI3.ome.tiff - Image0,7700
HPAP-095_Imaging mass cytometry_Body of pancreas_FFPE-Stain Panel 1_ROI4.ome.tiff - Image0,7743
HPAP-095_Imaging mass cytometry_Head of pancreas_FFPE-Stain Panel 1_ROI1.ome.tiff - Image0,7175
HPAP-095_Imaging mass cytometry_Head of pancreas_FFPE-Stain Panel 1_ROI2.ome.tiff - Image0,7605
HPAP-095_Imaging mass cytometry_Head of pancreas_FFPE-Stain Panel 1_ROI3.ome.tiff - Image0,7425
HPAP-095_Imaging mass cytometry_Tail of pancreas_FFPE-Stain Panel 1_ROI1.ome.tiff - Image0,7444
HPAP-095_Imaging mass cytometry_Tail of pancreas_FFPE-Stain Panel 1_ROI2.ome.tiff - Image0,7483
HPAP-095_Imaging mass cytometry_Tail of pancreas_FFPE-Stain Panel 1_ROI5.ome.tiff - Image0,7187
HPAP-099_Imaging mass cytometry_Body of pancreas_FFPE-Stain Panel 1_ROI1.ome.tiff - Image0,11258
HPAP-099_Imaging mass cytometry_Body of pancreas_FFPE-Stain Panel 1_ROI2.ome.tiff - Image0,14093
HPAP-099_Imaging mass cytometry_Body of pancreas_FFPE-Stain Panel 1_ROI3.ome.tiff - Image0,9544
HPAP-099_Imaging mass cytometry_Head of pancreas_FFPE-Stain Panel 1_ROI1.ome.tiff - Image0,10406
HPAP-099_Imaging mass cytometry_Head of pancreas_FFPE-Stain Panel 1_ROI3.ome.tiff - Image0,10664
HPAP-099_Imaging mass cytometry_Head of pancreas_FFPE-Stain Panel 1_ROI4.ome.tiff - Image0,9035
HPAP-099_Imaging mass cytometry_Tail of pancreas_FFPE-Stain Panel 1_ROI1.ome.tiff - Image0,14336
HPAP-099_Imaging mass cytometry_Tail of pancreas_FFPE-Stain Panel 1_ROI2.ome.tiff - Image0,11973
HPAP-099_Imaging mass cytometry_Tail of pancreas_FFPE-Stain Panel 1_ROI3.ome.tiff - Image0,11546
HPAP-105_Imaging mass cytometry_Body of pancreas_FFPE-Stain Panel 1_ROI1.ome.tiff - Image0,8339
HPAP-105_Imaging mass cytometry_Body of pancreas_FFPE-Stain Panel 1_ROI4.ome.tiff - Image0,8558
HPAP-105_Imaging mass cytometry_Body of pancreas_FFPE-Stain Panel 1_ROI5.ome.tiff - Image0,8941
HPAP-105_Imaging mass cytometry_Head of pancreas_FFPE-Stain Panel 1_ROI1.ome.tiff - Image0,9329
HPAP-105_Imaging mass cytometry_Head of pancreas_FFPE-Stain Panel 1_ROI2.ome.tiff - Image0,9144
HPAP-105_Imaging mass cytometry_Head of pancreas_FFPE-Stain Panel 1_ROI3.ome.tiff - Image0,7849
HPAP-105_Imaging mass cytometry_Tail of pancreas_FFPE-Stain Panel 1_ROI2.ome.tiff - Image0,8810
HPAP-105_Imaging mass cytometry_Tail of pancreas_FFPE-Stain Panel 1_ROI3.ome.tiff - Image0,9114
HPAP-105_Imaging mass cytometry_Tail of pancreas_FFPE-Stain Panel 1_ROI4.ome.tiff - Image0,7581
HPAP-118_Imaging mass cytometry_Body of pancreas_FFPE-Stain Panel 1_ROI1.ome.tiff - Image0,8900
HPAP-118_Imaging mass cytometry_Body of pancreas_FFPE-Stain Panel 1_ROI2.ome.tiff - Image0,9954
HPAP-118_Imaging mass cytometry_Body of pancreas_FFPE-Stain Panel 1_ROI3.ome.tiff - Image0,9262
HPAP-118_Imaging mass cytometry_Head of pancreas_FFPE-Stain Panel 1_ROI1.ome.tiff - Image0,11017
HPAP-118_Imaging mass cytometry_Head of pancreas_FFPE-Stain Panel 1_ROI2.ome.tiff - Image0,11454
HPAP-118_Imaging mass cytometry_Head of pancreas_FFPE-Stain Panel 1_ROI4.ome.tiff - Image0,10386
HPAP-118_Imaging mass cytometry_Tail of pancreas_FFPE-Stain Panel 1_ROI1.ome.tiff - Image0,12101
HPAP-118_Imaging mass cytometry_Tail of pancreas_FFPE-Stain Panel 1_ROI2.ome.tiff - Image0,11453
HPAP-118_Imaging mass cytometry_Tail of pancreas_FFPE-Stain Panel 1_ROI3.ome.tiff - Image0,10640
HPAP-136_Imaging mass cytometry_Body of pancreas_FFPE-Stain Panel 1_ROI1.ome.tiff - Image0,10764
HPAP-136_Imaging mass cytometry_Body of pancreas_FFPE-Stain Panel 1_ROI2.ome.tiff - Image0,11434
HPAP-139_Imaging mass cytometry_Tail of pancreas_FFPE-Stain Panel 1_ROI1.ome.tiff - Image0,9138
HPAP-139_Imaging mass cytometry_Tail of pancreas_FFPE-Stain Panel 1_ROI2.ome.tiff - Image0,8432
HPAP-139_Imaging mass cytometry_Tail of pancreas_FFPE-Stain Panel 1_ROI3.ome.tiff - Image0,8645
HPAP-146_Imaging mass cytometry_Body of pancreas_FFPE-Stain Panel 1_ROI1.ome.tiff - Image0,8211
HPAP-146_Imaging mass cytometry_Body of pancreas_FFPE-Stain Panel 1_ROI2.ome.tiff - Image0,7764
HPAP-146_Imaging mass cytometry_Body of pancreas_FFPE-Stain Panel 1_ROI4.ome.tiff - Image0,8128
HPAP-146_Imaging mass cytometry_Head of pancreas_FFPE-Stain Panel 1_ROI3.ome.tiff - Image0,8686
HPAP-146_Imaging mass cytometry_Head of pancreas_FFPE-Stain Panel 1_ROI4.ome.tiff - Image0,9057
HPAP-146_Imaging mass cytometry_Head of pancreas_FFPE-Stain Panel 1_ROI5.ome.tiff - Image0,10536
HPAP-146_Imaging mass cytometry_Tail of pancreas_FFPE-Stain Panel 1_ROI1.ome.tiff - Image0,8806
HPAP-146_Imaging mass cytometry_Tail of pancreas_FFPE-Stain Panel 1_ROI2.ome.tiff - Image0,14119
HPAP-146_Imaging mass cytometry_Tail of pancreas_FFPE-Stain Panel 1_ROI3.ome.tiff - Image0,8771
